{"cameraMode":{"drawMode":0,"name":"Shaded","section":"Shading Mode"},"sceneLighting":true,"audioPlay":false,"sceneViewState":{"showFog":true,"showMaterialUpdate":false,"showSkybox":true,"showFlares":true,"showImageEffects":true,"showParticleSystems":true,"showVisualEffectGraphs":true,"m_FxEnabled":true},"in2DMode":false,"pivot":{"x":-2.2729921340942385,"y":-5.6771135330200199,"z":-2.7133302688598635},"rotation":{"x":-0.0014283837517723442,"y":0.9404628872871399,"z":-0.3399002254009247,"w":-0.003945890348404646},"size":8.404350280761719,"orthographic":false}