{"cameraMode":{"drawMode":0,"name":"Shaded","section":"Shading Mode"},"sceneLighting":true,"audioPlay":false,"sceneViewState":{"showFog":true,"showMaterialUpdate":false,"showSkybox":true,"showFlares":true,"showImageEffects":true,"showParticleSystems":true},"in2DMode":false,"pivot":{"x":-384.4600830078125,"y":-725.5770263671875,"z":883.393798828125},"rotation":{"x":-0.3106226325035095,"y":0.19268685579299928,"z":-0.06444920599460602,"w":-0.9285834431648254},"size":609.252197265625,"orthographic":false}