{"cameraMode":{"drawMode":0,"name":"Shaded","section":"Shading Mode"},"sceneLighting":true,"audioPlay":false,"sceneViewState":{"showFog":true,"showMaterialUpdate":false,"showSkybox":true,"showFlares":true,"showImageEffects":true,"showParticleSystems":true},"in2DMode":false,"pivot":{"x":261.55072021484377,"y":153.9637451171875,"z":796.0390625},"rotation":{"x":-0.1004994586110115,"y":0.05280639976263046,"z":-0.005337733309715986,"w":-0.9935319423675537},"size":694.4680786132813,"orthographic":false}