{"cameraMode":{"drawMode":0,"name":"Shaded","section":"Shading Mode"},"sceneLighting":false,"audioPlay":false,"sceneViewState":{"showFog":true,"showMaterialUpdate":false,"showSkybox":false,"showFlares":true,"showImageEffects":true,"showParticleSystems":true},"in2DMode":false,"pivot":{"x":7.755729675292969,"y":-0.7461219429969788,"z":-1.5210617780685425},"rotation":{"x":0.0573369599878788,"y":0.9426680207252502,"z":-0.23099705576896668,"w":0.23399034142494203},"size":1.4940149784088135,"orthographic":false}