{"cameraMode":{"drawMode":0,"name":"Shaded","section":"Shading Mode"},"sceneLighting":true,"audioPlay":false,"sceneViewState":{"showFog":true,"showMaterialUpdate":false,"showSkybox":true,"showFlares":true,"showImageEffects":true,"showParticleSystems":true},"in2DMode":false,"pivot":{"x":-4.64436149597168,"y":-16.324798583984376,"z":15.974388122558594},"rotation":{"x":-0.3018355667591095,"y":0.21822209656238557,"z":-0.07117974758148194,"w":-0.9253264665603638},"size":15.73039722442627,"orthographic":false}