{"cameraMode":{"drawMode":0,"name":"Shaded","section":"Shading Mode"},"sceneLighting":true,"audioPlay":false,"sceneViewState":{"showFog":true,"showMaterialUpdate":false,"showSkybox":true,"showFlares":true,"showImageEffects":true,"showParticleSystems":true},"in2DMode":false,"pivot":{"x":705.4253540039063,"y":-460.167724609375,"z":1141.027587890625},"rotation":{"x":-0.282896488904953,"y":-0.0037391483783721925,"z":0.0011080747935920954,"w":-0.9591594934463501},"size":1038.04443359375,"orthographic":false}