{"cameraMode":{"drawMode":0,"name":"Shaded","section":"Shading Mode"},"sceneLighting":false,"audioPlay":false,"sceneViewState":{"showFog":true,"showMaterialUpdate":false,"showSkybox":false,"showFlares":true,"showImageEffects":true,"showParticleSystems":true},"in2DMode":false,"pivot":{"x":5.296576499938965,"y":0.9224627017974854,"z":-3.900930881500244},"rotation":{"x":0.01942630112171173,"y":0.978503406047821,"z":-0.17382575571537019,"w":0.10936323553323746},"size":1.325700044631958,"orthographic":false}