{"cameraMode":{"drawMode":0,"name":"Shaded","section":"Shading Mode"},"sceneLighting":true,"audioPlay":false,"sceneViewState":{"showFog":true,"showMaterialUpdate":false,"showSkybox":true,"showFlares":true,"showImageEffects":true,"showParticleSystems":true},"in2DMode":false,"pivot":{"x":901.6444702148438,"y":297.74737548828127,"z":285.37451171875},"rotation":{"x":-0.09305939823389054,"y":0.04986194893717766,"z":-0.004662950057536364,"w":-0.9944109320640564},"size":419.3848876953125,"orthographic":false}