{"cameraMode":{"drawMode":0,"name":"Shaded","section":"Shading Mode"},"sceneLighting":false,"audioPlay":false,"sceneViewState":{"showFog":true,"showMaterialUpdate":false,"showSkybox":false,"showFlares":true,"showImageEffects":true,"showParticleSystems":true},"in2DMode":false,"pivot":{"x":1.7879482507705689,"y":0.02179551124572754,"z":-0.9233198165893555},"rotation":{"x":-0.20902112126350404,"y":0.27077168226242068,"z":-0.06035132333636284,"w":-0.9377500414848328},"size":1.5093028545379639,"orthographic":false}