{"cameraMode":{"drawMode":0,"name":"Shaded","section":"Shading Mode"},"sceneLighting":true,"audioPlay":false,"sceneViewState":{"showFog":true,"showMaterialUpdate":false,"showSkybox":true,"showFlares":true,"showImageEffects":true,"showParticleSystems":true},"in2DMode":false,"pivot":{"x":-519.2879028320313,"y":-732.5110473632813,"z":-448.333740234375},"rotation":{"x":-0.16448409855365754,"y":0.8352933526039124,"z":-0.3598797619342804,"w":-0.38176435232162478},"size":508.6930847167969,"orthographic":false}