{"cameraMode":{"drawMode":0,"name":"Shaded","section":"Shading Mode"},"sceneLighting":true,"audioPlay":false,"sceneViewState":{"showFog":true,"showMaterialUpdate":false,"showSkybox":true,"showFlares":true,"showImageEffects":true,"showParticleSystems":true},"in2DMode":false,"pivot":{"x":624.5625,"y":81.63580322265625,"z":314.36346435546877},"rotation":{"x":-0.2811264991760254,"y":0.04661828652024269,"z":-0.013670537620782853,"w":-0.9584516286849976},"size":611.0321655273438,"orthographic":false}