{"cameraMode":{"drawMode":0,"name":"Shaded","section":"Shading Mode"},"sceneLighting":true,"audioPlay":false,"sceneViewState":{"showFog":true,"showMaterialUpdate":false,"showSkybox":true,"showFlares":true,"showImageEffects":true,"showParticleSystems":true},"in2DMode":false,"pivot":{"x":-115.45377349853516,"y":-669.1035766601563,"z":786.9805297851563},"rotation":{"x":-0.34037816524505618,"y":0.06958834826946259,"z":-0.025265449658036233,"w":-0.937383234500885},"size":526.5279541015625,"orthographic":false}