{"cameraMode":{"drawMode":0,"name":"Shaded","section":"Shading Mode"},"sceneLighting":true,"audioPlay":false,"sceneViewState":{"showFog":true,"showMaterialUpdate":false,"showSkybox":true,"showFlares":true,"showImageEffects":true,"showParticleSystems":true},"in2DMode":false,"pivot":{"x":25.336769104003908,"y":-102.23795318603516,"z":89.41995239257813},"rotation":{"x":-0.3989325761795044,"y":-0.12265902012586594,"z":0.053944554179906848,"w":-0.907148540019989},"size":73.87238311767578,"orthographic":false}